class, x1, x2, x3
A,-11.929,-3.586,-3.393
A,-8.683,-2.288,-0.443
A,-11.265,-3.241,-1.363
A,-9.577,-3.758,-4.497
A,-9.477,-1.842,0.263
A,-9.088,-3.236,-1.328
A,-10.808,-2.406,-2.711
A,-11.294,-4.491,-2.912
A,-10.473,-2.172,-0.630
A,-11.221,-3.853,-0.665
A,-9.887,-2.595,0.568
A,-10.095,-3.548,-1.420
A,-10.463,-3.481,-2.991
A,-9.005,-4.013,-4.897
A,-9.998,-0.787,-0.445
A,-11.601,-4.865,1.028
A,-10.462,-2.510,-3.693
A,-11.990,1.553,-3.300
A,-12.150,0.411,-3.762
A,-12.354,1.634,-7.220
A,-8.725,0.761,-5.835
A,-8.317,3.539,-14.693
A,-10.225,4.246,-17.899
A,-10.519,5.898,-18.379
A,-11.819,1.197,-18.737
A,-11.352,3.250,-19.256
A,-10.072,3.747,-19.443
A,-10.290,3.663,-18.871
A,-10.759,3.129,-21.330
A,-10.739,2.206,-21.763
A,-10.860,2.937,-17.612
A,-11.108,1.236,-16.881
A,-11.168,1.441,-18.334
A,-11.378,1.783,-20.377
A,-11.461,1.961,-20.756
A,-11.195,2.774,-18.905
A,-11.301,1.529,-18.385
A,-10.766,0.472,-17.546
A,-9.660,-3.135,-13.948
A,-9.633,1.399,-5.781
A,-10.304,-0.273,-0.748
A,-10.876,-2.330,-0.824
A,-10.552,-2.238,-3.476
A,-9.941,0.335,-4.384
A,-11.055,-1.682,-3.695
A,-7.818,-4.121,-14.915
A,-10.753,-8.194,-18.834
A,-11.568,-7.025,-14.799
A,-11.572,-7.255,-11.982
A,-11.147,-8.254,-7.676
A,-9.558,-8.648,-7.551
A,-6.344,-4.868,-12.599
A,-5.975,-4.242,-10.106
A,-5.474,-5.567,-8.259
A,-6.369,-3.756,-9.977
A,-6.593,-3.148,-12.137
A,-6.802,-3.778,-10.996
A,-5.475,-2.913,-7.921
A,-11.029,-6.394,-8.872
A,-16.124,-5.061,-14.201
A,-17.418,-4.517,-15.273
A,-17.482,-3.834,-13.636
A,-18.320,-5.139,-13.823
A,-19.207,-6.702,-14.168
A,-19.235,-6.277,-14.617
A,-17.879,-5.547,-10.883
A,-17.469,-4.522,-7.964
A,-17.855,-7.460,-9.187
A,-16.726,-5.942,-8.942
A,-15.729,-5.586,-8.556
A,-14.009,-5.756,-6.055
A,-10.990,-7.250,-7.005
A,-7.491,-3.356,-13.427
A,-8.182,-3.925,-15.426
A,-8.180,-6.973,-12.720
A,-11.260,-10.979,-7.994
A,-13.312,-14.404,-9.703
A,-12.428,-13.354,-14.597
A,-10.086,-12.060,-15.793
A,-7.377,-10.205,-17.230
A,-7.457,-6.640,-10.197
A,-8.142,-0.985,-2.965
A,-9.259,-1.464,-4.020
A,-12.555,-1.821,-4.019
A,-10.502,0.023,-2.427
A,-10.237,-2.641,-2.097
A,-10.564,-3.777,-3.947
A,-10.284,-3.754,-3.596
A,-6.710,-2.352,-6.846
A,-6.074,-2.359,-9.389
A,-6.511,-2.856,-8.497
A,-5.626,-3.832,-12.345
A,-5.631,-3.853,-10.330
A,-11.045,-0.617,-11.804
A,-13.566,3.216,-14.863
A,-15.357,2.829,-19.184
A,-15.952,6.027,-22.551
A,-15.028,6.653,-23.200
A,-13.762,6.856,-24.953
A,-14.690,5.152,-28.179
A,-12.916,5.833,-24.747
A,-13.092,6.223,-21.965
A,-11.041,7.208,-20.846
A,-7.500,2.982,-9.535
A,-7.244,-1.183,-6.377
A,-10.770,2.971,-4.684
A,-15.707,6.865,-8.832
A,-17.506,7.955,-9.494
A,-14.086,3.913,-16.236
A,-12.048,-0.068,-12.891
A,-12.136,-3.336,-13.329
A,-12.851,-1.606,-15.180
A,-13.941,-3.313,-17.721
A,-12.844,-2.105,-17.286
A,-9.804,-0.713,-17.126
A,-5.137,1.262,-7.740
A,-8.806,0.992,-2.683
A,-12.880,-3.382,-2.897
A,-11.189,-2.317,-3.564
A,-11.168,-2.320,1.154
A,-10.861,-2.629,-3.394
A,-12.946,-0.998,-6.021
A,-8.805,4.114,-0.611
A,-4.580,8.274,-3.809
A,-8.704,5.463,-1.551
A,-10.885,0.716,-4.907
A,-13.044,-10.796,-9.224
A,-14.849,-12.838,-8.018
A,-16.443,-13.361,-8.760
A,-15.129,-11.225,-6.657
A,-16.450,-13.372,-8.568
A,-17.108,-15.705,-9.425
A,-14.502,-14.886,-8.009
A,-13.137,-14.424,-9.690
A,-13.392,-15.759,-11.485
A,-11.936,-14.306,-12.678
A,-10.026,-14.224,-18.608
A,-8.105,-11.955,-20.689
A,-7.228,-9.749,-17.647
A,-6.667,-7.840,-18.276
A,-7.060,-7.488,-18.008
A,-8.240,-6.203,-18.752
A,-10.332,-7.226,-17.699
A,-12.423,-8.077,-15.508
A,-12.950,-6.955,-12.532
A,-13.706,-5.727,-12.059
A,-12.001,-3.079,-10.801
A,-10.782,-1.444,-9.670
A,-11.751,-2.973,-10.516
A,-10.565,-1.151,-9.454
A,-8.865,-2.823,-9.836
A,-8.707,-4.424,-10.073
A,-8.804,-2.166,-8.817
A,-7.584,-2.163,-10.185
A,-8.369,-3.683,-11.595
A,-6.462,-4.067,-11.375
A,-6.509,-0.728,-9.478
A,-7.336,1.069,-6.430
A,-8.028,-0.650,-3.932
A,-12.128,-2.271,-3.939
A,-12.794,-2.973,-3.483
A,-11.892,-0.302,-6.986
A,-13.405,-1.990,-5.624
A,-13.980,-6.178,-9.152
A,-12.532,-1.139,-6.262
A,-11.607,-0.959,-3.721
A,-10.500,-2.242,-3.412
A,-11.425,-4.200,0.821
A,-11.059,-3.882,-6.517
A,-9.574,-0.440,-7.138
A,-10.538,-0.058,-2.415
A,-11.145,-4.205,-2.787
A,-12.141,-3.472,-2.689
A,-11.574,-0.868,-1.324
A,-11.367,-4.251,-1.812
A,-10.943,-1.624,-1.743
A,-10.552,1.295,-4.204
A,-11.865,-2.010,-3.168
A,-10.363,-2.069,-3.708
A,-11.644,-2.193,-1.699
A,-10.260,-1.880,-0.676
A,-11.380,-1.025,-3.127
A,-11.918,-1.574,-3.327
A,-10.947,-0.306,-3.411
A,-13.966,-3.322,-0.181
A,-10.717,0.581,-1.525
A,-11.239,-3.857,-2.502
A,-11.608,-2.528,-6.016
A,-12.115,-0.379,-1.332
A,-10.766,-3.802,-2.918
A,-10.613,-1.941,-3.622
A,-10.652,-3.405,-3.365
A,-11.394,-3.593,-3.500
A,-11.008,-2.615,-4.756
A,-11.164,-0.207,-1.508
A,-11.389,-3.724,-5.485
A,-10.196,-6.220,-1.195
A,-11.104,-2.389,-4.716
A,-11.000,-2.853,-5.080
A,-10.622,-1.137,-0.148
A,-11.018,-1.808,-2.545
A,-10.721,-4.829,-4.037
A,-10.767,-2.992,-3.464
A,-10.195,-3.136,-4.536
A,-10.104,-4.276,-5.657
A,-10.717,-5.658,-5.712
A,-10.237,-3.142,-0.543
A,-10.106,-3.233,-5.066
A,-9.987,-1.659,-5.007
A,-10.340,-3.766,-3.503
A,-12.036,-4.111,-3.473
A,-11.064,-2.455,-1.735
A,-9.908,-3.879,-2.514
A,-9.696,-4.495,-3.281
A,-9.905,-2.076,-3.986
A,-11.161,-2.798,-1.965
A,-10.661,-4.151,-4.640
A,-9.634,-2.483,-0.127
A,-9.934,-3.197,-2.302
A,-11.406,-1.617,-4.759
A,-8.603,-0.855,-7.110
A,-10.905,-0.569,-3.592
A,-11.512,1.545,-1.374
A,-9.640,-1.343,-2.552
A,-10.250,-2.717,-6.890
A,-10.702,-3.175,-7.212
A,-10.083,-3.229,-2.587
A,-11.165,-1.754,-2.412
A,-11.193,-3.485,-2.494
A,-12.189,-2.470,-3.567
A,-11.129,-2.004,-7.221
A,-10.171,-2.181,-0.804
A,-10.716,-0.667,-1.381
A,-10.484,-4.665,-4.581
A,-10.225,-3.835,-6.082
A,-11.134,-3.555,-2.128
A,-10.547,-2.471,-6.057
A,-9.709,-1.136,-2.481
A,-10.904,-2.970,-6.362
A,-11.218,-3.764,-4.923
A,-9.550,-1.356,-4.619
A,-11.109,0.190,-1.559
A,-8.956,-6.287,-10.356
A,-13.082,-11.329,-14.127
A,-14.112,-11.790,-13.551
A,-15.408,-10.426,-12.326
A,-15.723,-9.505,-11.147
A,-15.077,-8.274,-12.038
A,-13.458,-6.641,-15.346
A,-8.568,-0.744,-12.125
A,-8.605,-0.151,-11.189
A,-12.313,-1.050,-16.591
A,-12.406,-2.269,-14.824
A,-13.218,-2.097,-15.927
A,-9.288,-2.625,-9.796
A,-5.291,-0.793,-8.123
A,-5.379,-1.740,-10.044
A,-4.244,-3.705,-8.395
A,-5.321,-2.432,-12.343
A,-5.871,-1.694,-11.997
A,-5.459,-2.028,-13.113
A,-6.655,-4.139,-11.914
A,-13.813,-2.829,-12.207
A,-16.059,-2.661,-15.207
A,-16.537,-2.587,-12.912
A,-17.481,-3.423,-13.187
A,-17.356,-3.833,-12.110
A,-18.471,-7.025,-13.611
A,-18.651,-6.816,-12.781
A,-17.759,-6.119,-10.976
A,-16.981,-6.366,-10.604
A,-15.129,-6.285,-8.139
A,-16.835,-6.979,-12.038
A,-13.687,-6.035,-11.767
A,-9.446,-4.876,-13.012
A,-8.051,-3.963,-12.404
A,-9.119,-5.808,-13.874
A,-13.442,-13.861,-11.707
A,-12.966,-14.696,-10.051
A,-11.585,-13.869,-12.702
A,-9.769,-13.045,-17.062
A,-6.961,-9.234,-14.631
A,-7.994,-3.976,-7.673
A,-9.212,-1.850,-2.629
A,-13.512,-0.816,-1.887
A,-13.191,-0.436,-4.572
A,-13.006,-3.281,-4.834
A,-13.730,-2.011,-11.459
A,-14.109,-3.949,-5.660
A,-11.593,-4.322,-3.595
A,-11.879,-0.396,-0.294
A,-11.754,-1.710,-4.202
A,-12.832,-0.497,-6.825
A,-12.186,-0.816,-2.079
A,-10.882,-0.804,-2.825
A,-7.515,-3.394,-7.441
A,-8.225,-10.557,-21.363
A,-9.580,-12.630,-15.526
A,-13.005,-15.998,-16.976
A,-11.531,-14.208,-17.569
A,-11.074,-13.579,-18.577
A,-10.465,-14.369,-18.386
A,-10.725,-14.639,-19.587
A,-11.974,-16.014,-18.481
A,-12.045,-16.219,-17.616
A,-11.446,-13.543,-20.662
A,-10.396,-9.130,-20.364
A,-8.978,-6.585,-19.809
A,-10.523,-6.406,-17.624
A,-12.437,-5.256,-12.426
A,-13.498,-2.496,-13.481
A,-12.380,0.638,-14.618
A,-11.015,-0.118,-14.690
A,-7.720,-3.367,-11.281
A,-9.906,-1.925,-4.441
A,-9.642,-0.621,-4.232
A,-11.800,-2.330,-6.631
A,-14.973,1.452,-7.003
A,-14.057,0.182,-6.010
A,-17.391,2.003,-7.839
A,-15.694,1.162,-8.409
A,-16.043,1.354,-2.981
A,-13.239,-2.592,-4.124
A,-8.057,-5.996,-4.227
A,-8.345,-9.130,-3.959
A,-7.806,-10.424,-3.506
A,-6.935,-9.868,-5.363
A,-8.190,-8.774,-4.866
A,-9.256,-10.246,-3.421
A,-9.056,-8.882,-1.605
A,-11.141,-6.340,-3.323
A,-12.606,-5.133,-7.451
A,-12.721,-0.955,-10.479
A,-11.905,0.307,-15.802
A,-11.828,3.239,-15.268
A,-12.334,2.898,-18.606
A,-10.730,1.680,-18.827
A,-11.085,1.532,-18.842
A,-10.325,3.417,-17.162
A,-10.612,2.072,-16.502
A,-10.461,2.547,-17.644
A,-10.957,3.265,-20.816
A,-10.629,0.680,-19.379
A,-9.394,1.867,-16.072
A,-9.782,-0.342,-15.440
A,-8.974,0.839,-13.313
A,-10.099,-0.149,-13.823
A,-10.476,-0.900,-7.722
A,-10.257,-1.078,-3.190
A,-10.166,-3.000,-2.680
A,-11.537,-2.986,-0.470
A,-11.451,-2.757,-2.598
A,-10.815,-2.581,-3.383
A,-10.898,-5.296,-3.211
A,-9.702,-1.191,-1.133
A,-12.017,-2.253,-1.156
A,-11.922,-2.753,-1.444
A,-10.861,-2.526,-4.257
A,-9.269,-0.893,-2.044
A,-10.398,-2.825,0.496
A,-10.778,-3.114,-1.589
A,-12.033,-2.500,-1.221
A,-11.718,-3.241,-3.764
A,-9.810,-3.509,-1.934
A,-9.992,-1.810,-3.252
A,-10.073,-0.258,-1.161
A,-12.142,-5.519,-7.907
A,-11.657,-3.671,-2.884
A,-10.220,-3.395,-2.725
A,-9.977,-2.683,-3.732
A,-11.623,-4.053,-2.977
A,-11.365,-0.357,-5.839
A,-11.051,-2.924,-0.720
A,-9.286,-4.067,-2.519
A,-9.020,-1.404,-2.956
A,-11.535,-2.939,-0.919
A,-10.614,-2.982,-0.645
A,-8.597,-1.852,-6.101
A,-9.838,-4.680,-4.767
A,-9.885,-1.067,-1.204
A,-11.352,-3.476,-1.344
A,-9.539,-5.173,-6.854
A,-11.395,-3.976,-4.348
A,-10.907,-2.923,-3.429
A,-10.970,-1.278,-1.669
A,-9.634,-2.758,-1.953
A,-11.535,-0.028,-4.325
A,-11.724,-3.623,-3.962
A,-10.170,-2.270,-3.682
A,-11.131,-1.455,-4.450
A,-9.722,-1.376,-3.203
A,-10.865,-4.112,-0.666
A,-9.742,-1.998,-4.706
A,-11.398,-3.550,-2.776
A,-10.549,-1.672,-2.380
A,-8.461,-0.865,-4.374
A,-11.437,-1.034,-2.658
A,-10.579,-3.530,-1.999
A,-10.847,-3.273,-5.399
A,-10.279,0.349,-3.905
A,-10.931,-3.013,-4.524
A,-11.163,-6.522,-3.549
A,-11.193,-2.744,-5.476
A,-11.047,-2.465,-2.799
A,-9.355,-10.472,-3.744
A,-12.425,-15.217,-3.363
A,-16.297,-18.302,-8.450
A,-15.036,-15.997,-7.321
A,-13.763,-14.875,-7.488
A,-14.295,-12.299,-9.275
A,-11.763,-9.159,-11.893
A,-10.115,-5.597,-11.985
A,-7.244,-5.312,-13.799
A,-6.384,-1.767,-16.163
A,-5.790,-0.982,-12.686
A,-4.722,-1.561,-10.319
A,-6.488,-2.148,-6.695
A,-9.333,-0.981,-4.264
A,-10.897,-1.057,-6.064
A,-10.473,-2.163,-1.212
A,-10.023,-2.970,-4.890
A,-11.329,-3.748,-2.507
A,-11.867,-4.658,-5.386
A,-12.810,-3.579,-2.069
A,-10.338,-1.733,-6.399
A,-12.717,-1.161,-2.597
A,-9.689,-0.665,-5.813
A,-10.499,-3.889,-16.133
A,-11.931,-8.240,-15.228
A,-10.174,-10.161,-10.897
A,-8.791,-13.159,-6.586
A,-7.808,-15.327,-5.517
A,-8.111,-16.464,-4.752
A,-8.793,-15.531,-4.615
A,-8.988,-14.333,-3.135
A,-9.669,-9.619,-6.011
A,-9.906,-5.718,-10.604
A,-8.910,-2.085,-12.715
A,-8.629,1.915,-6.509
A,-11.066,1.273,-1.670
A,-10.420,-1.261,-0.689
A,-10.934,-2.070,-0.499
A,-10.973,-3.311,-11.110
A,-13.077,-0.351,-6.441
A,-10.732,0.589,-6.404
A,-7.410,-3.519,-12.403
A,-8.372,-3.615,-10.256
A,-9.385,-3.417,-12.087
A,-7.373,-3.829,-13.812
A,-7.003,-4.982,-12.777
A,-6.527,-1.884,-15.826
A,-5.965,-0.384,-13.773
A,-6.208,-4.311,-12.612
A,-8.406,-3.952,-18.447
A,-10.425,-0.284,-21.881
A,-9.567,-0.079,-15.779
A,-11.208,-2.050,-14.663
A,-9.777,-0.134,-17.131
A,-10.867,-0.542,-21.114
A,-12.446,0.897,-24.108
A,-10.783,2.666,-18.809
A,-7.326,-0.874,-11.743
A,-6.324,-2.079,-10.520
A,-7.708,-1.459,-12.782
A,-7.282,-2.644,-12.248
A,-6.103,-1.645,-8.934
A,-5.990,-1.509,-3.577
A,-10.178,-1.448,-0.863
A,-10.738,-1.244,-3.893
A,-10.113,-1.140,-5.193
A,-9.609,-3.848,-5.616
A,-10.680,-1.755,-4.901
A,-13.821,-3.238,-2.845
A,-10.885,-2.925,-5.037
A,-8.320,-12.734,-9.306
A,-9.151,-15.899,-14.041
A,-8.745,-14.440,-15.754
A,-9.150,-12.974,-17.539
A,-9.652,-13.631,-18.055
A,-8.956,-14.636,-20.493
A,-7.559,-13.924,-19.420
A,-8.083,-14.273,-19.726
A,-5.613,-10.741,-19.763
A,-7.279,-10.165,-20.932
A,-7.832,-8.741,-17.667
A,-6.571,-8.012,-14.072
A,-7.158,-2.497,-6.145
A,-8.604,0.079,-3.182
A,-9.770,-1.926,-5.771
A,-11.027,0.070,-3.553
A,-12.434,-3.732,-6.467
A,-10.081,0.303,-5.907
A,-9.879,-2.817,-5.908
A,-11.062,-1.389,-2.016
A,-11.893,-4.125,-6.869
A,-10.214,-3.373,-7.311
A,-6.149,-2.342,-8.749
A,-6.234,-2.182,-12.590
A,-6.091,-1.771,-11.805
A,-6.702,-2.362,-13.589
A,-8.333,-3.091,-13.015
A,-7.708,-1.300,-13.881
A,-7.684,-1.269,-12.229
A,-6.892,-2.036,-11.142
A,-6.667,-2.863,-12.401
A,-6.974,-6.457,-10.763
A,-8.220,-3.809,-10.762
A,-5.903,0.056,-7.003
A,-8.384,-0.455,-3.079
A,-9.100,-0.202,-5.906
A,-10.788,-1.809,-6.081
A,-12.292,-5.631,-6.794
A,-11.703,-1.707,-2.883
A,-12.171,-3.984,-5.859
A,-10.247,-0.565,-3.350
A,-11.335,-0.868,-2.949
A,-10.798,-2.583,-7.082
A,-11.722,-2.544,-6.540
A,-9.757,-2.587,-3.372
A,-10.810,-2.252,-2.166
A,-9.619,-2.165,-4.740
A,-11.092,-3.768,-2.842
A,-11.852,-1.448,-2.967
A,-9.736,-1.092,-1.507
A,-9.874,-1.801,-0.849
A,-10.333,-2.497,-2.274
A,-12.046,-5.458,-5.349
A,-11.598,-5.202,-6.012
A,-19.023,-3.804,0.238
A,-14.147,-3.276,-2.059
A,-10.018,-1.457,-1.003
A,-10.252,-4.673,-5.316
A,-10.658,-5.060,-6.151
A,-11.605,-3.167,-2.655
A,-10.451,0.416,0.875
A,-9.506,-1.412,-2.972
A,-9.825,-2.532,-5.357
A,-11.144,-3.723,-2.629
A,-10.297,-3.445,-3.008
A,-9.899,-1.493,-2.320
A,-9.941,-1.669,-3.449
A,-8.619,-1.419,-5.806
A,-10.381,-3.152,-4.082
A,-12.169,-2.487,-2.172
A,-11.869,-2.075,-2.300
A,-11.150,-0.199,-3.186
A,-10.932,-0.493,-6.280
A,-12.866,-3.411,-1.474
A,-10.559,-2.691,-4.585
A,-12.535,-4.094,-3.044
A,-9.568,0.072,-4.013
A,-11.438,-0.437,-1.709
A,-9.469,-0.850,-0.260
A,-11.805,-4.566,-6.142
A,-11.690,-5.876,-3.746
A,-11.747,-3.315,-4.468
A,-12.087,-4.543,-3.134
A,-8.678,-1.084,-2.554
A,-10.449,-0.186,-2.685
A,-11.648,0.178,-0.622
A,-12.761,-5.990,-4.851
A,-11.663,-5.155,-3.569
A,-10.764,-1.037,-6.075
A,-8.955,-1.801,-4.029
A,-9.525,-2.655,-1.705
A,-10.029,-1.370,-1.608
A,-10.692,-0.658,-2.254
A,-10.411,-3.186,-6.118
A,-10.645,-5.875,-8.070
A,-13.238,-10.868,-12.020
A,-12.252,-10.533,-12.716
A,-14.825,-13.286,-16.084
A,-11.552,-9.939,-16.743
A,-10.488,-10.304,-17.825
A,-8.344,-6.063,-17.063
A,-5.311,-0.915,-8.706
A,-6.063,-0.133,-5.267
A,-7.029,0.914,-2.914
A,-8.201,-1.508,-2.763
A,-9.570,-0.522,-1.393
A,-10.720,-0.383,-1.257
A,-11.186,-2.624,-4.375
A,-10.684,-3.734,-15.714
A,-11.989,-11.802,-19.155
A,-13.673,-15.310,-14.909
A,-12.956,-15.304,-14.493
A,-12.576,-15.603,-14.083
A,-12.307,-16.058,-13.443
A,-12.350,-17.011,-13.697
A,-12.574,-17.141,-12.762
A,-13.495,-18.512,-15.167
A,-12.217,-16.965,-13.690
A,-13.344,-17.671,-14.533
A,-12.023,-15.345,-17.404
A,-13.104,-15.345,-22.537
A,-10.501,-13.512,-21.700
A,-8.611,-13.261,-19.357
A,-9.411,-12.810,-19.870
A,-6.571,-10.312,-17.162
A,-5.061,-2.867,-9.801
A,-9.261,0.477,-6.221
A,-10.916,-3.205,-3.312
A,-12.110,-3.534,-3.714
A,-12.356,-1.471,-5.987
A,-12.512,-1.381,-6.050
A,-12.714,-0.160,-6.489
A,-13.543,-1.651,-2.060
A,-14.665,-0.796,-4.076
A,-14.042,-0.746,-4.371
A,-14.388,-3.756,-3.859
A,-12.624,-5.558,-8.400
A,-10.416,-3.024,-7.569
A,-12.124,-2.056,1.981
A,-9.622,-0.621,-0.919
A,-11.828,-2.994,-5.756
A,-11.331,1.393,-2.181
A,-9.019,5.999,2.596
A,-4.933,10.379,-0.109
A,-5.807,1.479,-7.025
A,-8.648,2.247,-8.491
A,-12.428,-0.892,-12.827
A,-15.552,-1.779,-19.284
A,-13.792,0.533,-19.588
A,-14.962,1.279,-23.329
A,-14.491,3.532,-25.302
A,-12.832,3.761,-24.417
A,-11.789,6.757,-19.957
A,-10.614,4.099,-19.121
A,-8.614,-0.991,-8.476
A,-9.814,-2.876,-5.865
A,-10.483,-4.792,-6.564
A,-17.725,-3.139,4.772
A,-14.341,-5.232,-0.839
A,-7.791,-4.205,-12.513
A,-10.187,-9.949,-15.874
A,-9.072,-13.020,-15.372
A,-9.267,-17.473,-13.793
A,-8.789,-16.254,-16.688
A,-5.208,-11.952,-16.786
A,-4.742,-9.782,-13.557
A,-3.303,-4.436,-12.313
A,-3.856,-2.132,-13.073
A,-4.931,-2.043,-8.590
A,-5.580,-2.653,-10.069
A,-5.598,-5.768,-11.048
A,-4.847,-3.070,-14.448
A,-6.390,-12.129,-24.684
A,-8.700,-13.021,-20.155
A,-9.654,-13.611,-20.299
A,-10.242,-13.314,-20.405
A,-9.923,-12.955,-22.594
A,-10.275,-14.670,-20.307
A,-10.188,-14.050,-19.627
A,-9.487,-13.766,-19.396
A,-9.255,-12.945,-18.404
A,-9.673,-12.105,-19.168
A,-9.663,-11.358,-18.438
A,-10.115,-11.775,-20.309
A,-9.062,-8.036,-17.394
A,-8.481,-8.182,-16.818
A,-7.487,-7.447,-12.567
A,-6.086,-6.787,-11.197
A,-5.428,-5.068,-8.720
A,-8.373,-3.976,-8.690
A,-8.724,-5.307,-7.440
A,-9.830,-2.574,-3.589
A,-10.871,-3.616,-6.292
A,-11.912,-5.612,-5.260
A,-12.453,-3.771,-4.802
A,-12.677,-4.735,-5.069
A,-12.547,-6.085,-9.879
A,-11.548,-5.234,-8.627
A,-9.540,-6.074,-9.337
A,-9.817,-11.333,-6.964
A,-11.293,-14.848,-6.668
A,-13.611,-16.668,-8.018
A,-14.925,-15.867,-7.784
A,-15.845,-15.755,-7.627
A,-17.240,-14.965,-9.890
A,-17.817,-12.552,-9.525
A,-16.083,-7.700,-9.400
A,-15.474,-4.660,-11.215
A,-14.758,-3.700,-11.394
A,-11.914,-4.839,-8.758
A,-9.518,-5.875,-13.863
A,-9.185,-5.427,-11.679
A,-6.930,-2.203,-10.463
A,-5.656,-2.838,-11.074
A,-7.511,-1.049,-1.822
A,-10.071,-2.388,-3.244
A,-10.685,-4.255,-2.700
A,-11.800,-6.305,-5.234
A,-13.106,-1.424,-8.058
A,-14.562,-2.036,-2.574
A,-8.679,-1.868,-3.502
A,-6.613,-3.101,-11.146
A,-8.629,-2.110,-0.974
A,-12.884,-6.210,-4.838
A,-10.930,-6.867,-5.237
A,-12.201,-2.177,-2.428
A,-12.714,-3.667,-1.971
A,-14.487,-6.672,-0.809
A,-14.113,-1.030,-2.765
A,-13.948,0.066,-2.103
A,-11.455,-2.504,-2.588
A,-9.286,-5.315,-10.861
A,-9.113,-6.591,-7.684
A,-9.627,-5.964,-7.719
A,-9.902,-3.252,-5.714
A,-8.323,-1.717,-9.138
A,-7.816,-3.770,-11.393
A,-6.801,-1.998,-10.689
A,-7.254,-0.569,-12.304
A,-5.599,-1.408,-10.874
A,-5.255,-0.965,-6.400
A,-6.762,-0.309,-3.293
A,-7.359,0.639,-4.049
A,-7.727,-2.841,-8.709
A,-6.934,-0.470,-6.855
A,-10.944,2.463,-11.114
A,-12.276,5.630,-16.108
A,-11.162,7.175,-16.197
A,-12.308,6.064,-18.747
A,-11.564,6.333,-20.839
A,-12.092,5.312,-22.736
A,-11.271,3.732,-23.612
A,-10.935,4.967,-21.785
A,-10.736,2.936,-21.909
A,-9.851,2.334,-18.197
A,-9.958,2.036,-18.321
A,-9.213,0.571,-17.224
A,-7.064,-3.079,-15.093
A,-7.641,-2.063,-13.940
A,-7.027,-0.045,-13.501
A,-7.384,-2.143,-11.589
A,-6.876,-1.857,-10.127
A,-5.386,-3.368,-7.515
A,-6.526,-3.241,-7.619
A,-7.526,-2.039,-10.139
A,-6.850,-3.665,-10.637
A,-8.618,-1.166,-3.317
A,-11.117,-2.082,-1.666
A,-10.342,-1.239,-6.190
A,-10.756,-2.187,-2.896
A,-10.944,-0.460,-5.397
A,-12.601,-5.082,-8.237
A,-10.961,-1.874,-3.473
A,-9.703,-0.797,-3.758
A,-8.499,-3.031,-7.815
A,-11.648,-1.481,-9.062
A,-9.726,-5.938,-10.987
A,-12.587,-5.995,-14.429
A,-11.424,-5.901,-13.709
A,-9.668,-6.107,-10.285
A,-11.832,-4.987,-12.739
A,-13.163,-2.772,-14.370
A,-15.913,1.436,-15.957
A,-14.665,1.406,-14.501
A,-16.846,-0.062,-15.183
A,-15.097,-0.922,-14.940
A,-13.998,1.057,-15.270
A,-10.917,0.766,-15.372
A,-8.730,-1.747,-13.870
A,-6.628,-2.930,-11.935
A,-7.276,-3.550,-13.463
A,-7.200,-2.833,-12.062
A,-6.321,-0.124,-9.643
A,-6.076,-0.412,-9.249
A,-5.895,0.465,-7.438
A,-6.882,2.598,-7.026
A,-8.411,0.128,-9.932
A,-9.747,0.719,-14.540
A,-10.854,-0.728,-12.916
A,-9.058,-1.980,-10.708
A,-6.705,-0.294,-8.912
A,-5.366,-1.330,-11.026
A,-5.134,-4.496,-12.590
A,-5.588,-5.485,-13.621
A,-5.630,-7.558,-15.428
A,-6.396,-9.819,-13.901
A,-6.095,-11.915,-12.767
A,-7.199,-14.887,-10.774
A,-8.083,-15.705,-9.153
A,-9.333,-15.799,-8.102
A,-10.060,-16.669,-8.808
A,-10.104,-14.704,-9.098
A,-9.370,-15.178,-9.114
A,-9.944,-12.870,-10.308
A,-9.239,-13.295,-9.093
A,-8.502,-9.753,-9.369
A,-8.242,-6.158,-7.807
A,-9.215,-3.245,-7.366
A,-12.439,-2.593,-3.913
A,-12.455,-3.681,-5.456
A,-13.187,-1.697,-2.654
A,-11.319,2.206,3.140
A,-9.953,-3.997,-0.429
A,-9.260,-1.247,-1.093
A,-10.000,2.029,0.458
A,-10.602,-1.399,-7.337
A,-11.259,0.231,-2.818
A,-5.878,-3.172,-9.387
A,-7.207,-4.368,-9.955
A,-7.144,-7.309,-10.050
A,-7.016,-10.020,-13.766
A,-5.184,-11.675,-18.231
A,-4.091,-13.048,-22.397
A,-6.091,-15.687,-18.874
A,-7.298,-16.477,-17.761
A,-9.847,-19.352,-17.642
A,-10.388,-20.101,-19.019
A,-11.498,-20.610,-19.012
A,-10.554,-17.220,-16.388
A,-10.854,-16.635,-14.680
A,-10.936,-14.303,-14.216
A,-8.676,-10.117,-9.954
A,-7.330,-3.758,-8.349
A,-10.366,-2.633,-4.554
A,-9.305,-2.915,-7.442
A,-11.297,-4.004,-5.699
A,-12.023,-0.315,-3.356
A,-12.890,-0.778,-5.212
A,-13.109,1.656,-3.048
A,-9.550,-4.958,-14.234
A,-10.085,-4.106,-13.890
A,-10.004,-2.374,-11.350
A,-10.500,-2.155,-13.644
A,-9.840,-0.346,-11.277
A,-10.396,-2.195,-11.908
A,-9.184,-0.866,-12.094
A,-6.807,-0.616,-10.802
A,-5.935,-1.791,-8.064
A,-7.657,0.298,-4.700
A,-9.558,0.441,-0.967
A,-9.938,-0.039,-7.266
A,-9.658,-1.141,-9.110
A,-11.510,-6.372,-10.971
A,-11.115,-5.238,-8.742
A,-9.674,-0.960,-6.840
A,-9.362,-1.875,-11.971
A,-8.917,3.678,-12.081
A,-7.221,-1.627,-14.119
A,-7.583,-0.518,-15.475
A,-11.057,0.676,-17.476
A,-10.989,4.304,-20.800
A,-9.648,4.014,-17.580
A,-10.067,6.061,-16.347
A,-7.937,1.983,-10.989
A,-7.934,-0.387,-4.695
A,-9.601,-4.248,-8.402
A,-9.277,-2.206,-3.145
A,-12.212,-4.548,-3.376
A,-11.129,1.140,-4.113
A,-11.412,1.010,-4.125
A,-11.204,2.521,-5.746
A,-9.304,0.528,-10.715
A,-7.604,0.042,-9.620
A,-6.958,-0.466,-11.585
A,-8.718,0.813,-12.827
A,-8.469,2.733,-11.661
A,-8.374,3.837,-15.943
A,-9.934,1.333,-13.421
A,-10.075,-0.111,-11.447
A,-9.151,0.349,-10.482
A,-7.364,-0.770,-9.046
A,-5.218,-1.732,-6.292
A,-5.173,-2.229,-8.511
A,-4.966,-2.695,-11.270
A,-4.836,-4.789,-12.418
A,-6.461,-3.803,-9.702
A,-4.920,0.529,-11.137
A,-5.235,-1.869,-10.661
A,-5.423,-3.855,-11.494
A,-4.694,-4.333,-12.603
A,-6.933,-3.050,-10.928
A,-7.206,-4.208,-12.886
A,-8.920,-0.237,-4.640
A,-10.699,-2.378,-1.039
A,-8.207,-2.474,-7.375
A,-9.724,-3.045,-6.660
A,-11.399,-4.060,-4.470
A,-11.710,-7.073,-6.353
A,-11.803,-2.876,-4.018
A,-9.697,0.342,-4.467
A,-13.852,0.492,-9.641
A,-13.387,5.455,-8.217
A,-16.653,2.429,-8.807
A,-16.248,-1.588,-10.086
A,-16.113,2.151,-4.954
A,-12.635,-2.625,-2.386
A,-10.233,-2.458,-2.301
A,-8.012,-14.323,-7.692
A,-8.404,-15.570,-7.954
A,-10.400,-20.084,-6.793
A,-12.058,-19.339,-6.802
A,-12.601,-17.398,-5.276
A,-14.125,-17.284,-6.036
A,-14.338,-14.288,-6.012
A,-14.303,-11.013,-7.207
A,-16.297,-11.145,-10.939
A,-17.250,-10.059,-14.693
A,-14.116,-3.101,-17.383
A,-13.371,-0.461,-16.070
A,-8.861,0.323,-10.846
A,-7.334,-1.227,-5.085
A,-11.083,-2.408,-4.048
A,-11.436,-4.306,-5.364
A,-14.972,-3.921,-5.722
A,-14.110,-0.382,-0.856
A,-11.725,-0.247,-4.405
A,-7.174,1.014,-6.448
A,-7.732,-1.218,-6.497
A,-7.249,-0.711,-9.659
A,-4.513,-3.665,-9.106
A,-6.398,-0.502,-5.827
A,-7.656,-0.670,-3.835
A,-10.122,-0.813,-2.444
A,-10.880,-2.361,-0.151
A,-12.536,-2.741,-2.449
A,-10.969,-1.216,-1.974
A,-10.975,-0.639,-2.402
A,-9.960,-1.373,-4.528
A,-10.881,-3.108,-6.786
A,-13.291,-1.181,-5.412
A,-13.280,-4.442,-6.829
A,-10.890,-2.484,-5.024
A,-8.908,-2.728,-2.672
A,-5.355,-9.278,-14.389
A,-4.560,-10.432,-15.963
A,-6.577,-8.293,-14.937
A,-7.044,-9.051,-14.848
A,-8.523,-11.540,-14.086
A,-7.807,-7.726,-12.200
A,-7.190,-6.478,-7.824
A,-7.753,-5.002,-9.863
A,-8.779,-4.542,-8.071
A,-8.478,-4.280,-8.261
A,-9.635,-2.887,-9.156
A,-10.369,0.200,-3.271
A,-13.517,2.851,-4.121
A,-16.507,2.253,-5.009
A,-16.451,3.708,-3.684
A,-18.651,3.255,-5.855
A,-17.465,3.866,-9.886
A,-18.694,4.118,-7.970
A,-18.686,5.494,-4.491
A,-16.840,5.516,-8.641
A,-18.243,3.739,-5.053
A,-15.591,2.646,-4.331
A,-15.633,2.452,-7.949
A,-16.919,2.960,-7.802
A,-17.434,3.327,-5.203
A,-13.540,0.300,-9.585
A,-13.297,0.273,-4.734
A,-12.368,0.128,-3.991
A,-12.497,-4.041,-5.090
A,-12.388,-4.985,-5.448
A,-11.498,-0.803,0.738
A,-11.750,-1.536,-1.459
A,-10.138,-0.338,-1.730
A,-11.819,-4.794,-1.739
A,-12.425,-2.665,-7.024
A,-12.556,-3.724,-2.504
A,-11.214,-5.443,-4.833
A,-10.502,-4.176,-1.931
A,-12.040,-2.525,-1.686
A,-11.259,-2.755,-3.388
A,-11.889,-4.356,-4.517
A,-10.829,-2.777,-3.188
A,-11.671,-0.594,-3.151
A,-9.775,-1.888,-2.826
A,-12.222,-1.065,0.220
A,-10.798,-2.696,-5.837
A,-11.890,-6.641,-2.866
A,-12.306,-2.789,-4.225
A,-10.996,-0.057,-3.593
A,-9.215,-0.797,-5.215
A,-10.971,-4.658,-4.717
A,-10.545,-4.443,-5.170
A,-11.359,-5.414,-3.349
A,-11.136,-3.122,-3.803
A,-10.950,-1.866,-1.808
A,-9.989,-2.910,-2.574
A,-13.029,-5.700,-3.263
A,-10.642,-2.863,-3.794
A,-10.388,-2.957,-3.214
A,-11.798,-3.641,-1.060
A,-10.328,-1.332,-0.792
A,-10.639,-4.153,-0.251
A,-11.657,-4.354,-2.437
A,-12.313,-6.671,-6.306
A,-10.972,-2.597,-1.577
A,-10.224,-1.376,-4.728
A,-10.133,-0.428,0.601
A,-10.027,-2.735,-4.223
A,-10.131,-1.727,-3.814
A,-11.052,-0.556,-5.298
A,-11.235,-1.731,-1.890
A,-9.379,-1.459,-0.406
A,-11.087,-2.530,-3.145
A,-12.293,-1.958,-2.371
A,-10.678,-4.387,-7.671
A,-10.627,-0.878,-2.961
A,-10.814,-2.121,-1.569
A,-11.296,-4.537,-0.338
A,-11.973,-2.462,-5.122
A,-10.668,-5.397,-6.801
A,-11.660,-2.383,-2.379
A,-11.299,-3.748,-6.181
A,-9.484,0.583,-2.149
A,-11.521,-4.203,-5.143
A,-11.397,-3.562,-5.112
A,-11.053,-0.843,-6.336
A,-11.587,-1.860,-2.953
A,-9.700,-0.935,-0.544
A,-9.471,-0.224,-2.830
A,-10.148,-0.892,-4.277
A,-11.498,-1.798,-4.784
A,-11.227,-6.093,-1.201
A,-11.074,-1.362,-1.615
A,-8.627,-0.667,-2.321
A,-10.386,-0.929,-6.046
A,-11.139,-3.598,-9.145
A,-10.487,-1.325,-4.018
A,-14.717,1.759,-0.005
A,-22.767,-0.670,-3.048
A,-14.643,-0.814,-0.809
A,-11.188,-2.771,-2.929
A,-11.422,-6.211,-4.812
A,-11.096,-2.640,-3.166
A,-9.631,-3.249,-3.341
A,-9.246,-0.727,0.075
A,-9.890,-1.397,-3.692
A,-10.719,-1.911,-2.218
A,-10.755,-1.551,-1.753
A,-10.245,-1.876,-1.061
A,-10.563,-1.785,0.449
A,-10.847,-2.833,-1.819
A,-10.050,-3.311,-6.696
A,-11.171,-2.204,-4.033
A,-11.922,-0.807,-2.569
A,-10.474,-1.933,-2.277
A,-10.158,-0.408,-1.833
A,-11.770,-2.361,-4.669
A,-11.333,-2.317,-3.050
B,-16.066,-0.879,1.549
B,-15.513,0.313,1.994
B,-16.306,-0.822,5.120
B,-19.349,-1.984,5.156
B,-17.428,0.888,4.216
B,-17.152,-0.312,5.788
B,-18.485,-0.045,6.310
B,-16.729,1.123,7.863
B,-18.328,-2.032,3.889
B,-16.945,-1.076,3.952
B,-16.762,1.719,7.598
B,-16.669,-0.145,4.512
B,-15.785,2.131,3.105
B,-17.050,0.227,1.498
B,-16.822,1.909,3.377
B,-15.488,1.457,1.702
B,-14.737,3.702,3.066
B,-15.589,1.719,0.370
B,-16.828,3.156,3.823
B,-17.023,2.313,0.292
B,-13.540,5.491,0.191
B,-12.917,5.307,-3.338
B,-13.251,5.410,-1.056
B,-11.760,4.392,-0.349
B,-12.074,5.493,0.919
B,-13.401,3.453,2.815
B,-11.249,3.250,1.976
B,-14.890,5.688,-0.582
B,-19.701,0.497,-5.242
B,-19.753,0.688,-3.039
B,-18.344,1.898,-6.700
B,-20.453,0.450,-7.377
B,-21.669,-0.675,-7.627
B,-20.829,-0.122,-7.572
B,-16.865,-0.883,-1.729
B,-14.805,1.600,1.306
B,-15.190,2.563,3.174
B,-16.727,-2.464,1.945
B,-14.448,-0.506,-2.874
B,-5.257,-12.331,-4.872
B,-4.812,-17.384,-10.941
B,-5.220,-15.689,-11.013
B,-6.583,-15.557,-14.430
B,-5.513,-13.814,-13.514
B,-6.565,-12.579,-17.535
B,-5.562,-11.212,-17.614
B,-6.397,-11.285,-19.228
B,-5.752,-9.788,-17.345
B,-4.299,-6.646,-14.916
B,-8.910,-0.010,-5.701
B,-11.472,1.656,3.471
B,-11.486,3.268,2.684
B,-11.654,0.797,4.317
B,-12.902,-1.357,2.714
B,-13.358,1.056,7.746
B,-12.652,-0.154,6.049
B,-11.895,0.503,-0.686
B,-7.147,-10.279,-3.557
B,-5.957,-13.578,-0.612
B,-7.521,-15.228,2.971
B,-10.730,-15.029,5.283
B,-11.747,-11.016,6.941
B,-13.985,-7.663,5.808
B,-15.994,-3.372,3.976
B,-17.177,0.996,2.429
B,-16.427,2.466,-1.292
B,-16.022,1.787,0.026
B,-13.621,-0.851,0.481
B,-11.101,0.601,-1.334
B,-17.372,3.016,-2.589
B,-19.565,2.343,1.587
B,-19.628,-2.187,-2.022
B,-17.849,0.965,-2.163
B,-20.468,-3.552,-0.704
B,-22.995,-0.485,-0.095
B,-15.048,2.098,-2.666
B,-12.473,-4.008,-4.744
B,-14.180,-1.092,-5.843
B,-14.432,0.198,-5.678
B,-14.167,0.028,-3.954
B,-14.545,-0.431,-3.537
B,-15.074,1.207,-6.607
B,-15.791,3.054,-6.642
B,-15.714,6.018,-6.441
B,-15.347,7.035,-6.271
B,-14.658,7.121,-5.173
B,-13.967,7.073,-5.331
B,-12.066,2.532,1.617
B,-8.023,6.017,-2.150
B,-9.899,3.920,0.868
B,-11.192,2.140,2.816
B,-12.028,1.727,4.254
B,-13.147,1.105,1.781
B,-14.536,-1.344,-2.376
B,-14.864,-0.191,1.901
B,-15.890,0.236,-4.976
B,-18.070,1.195,-6.091
B,-18.675,1.108,-2.274
B,-20.275,1.613,-0.487
B,-18.552,1.816,-0.930
B,-21.137,-2.401,-10.147
B,-20.018,0.255,-4.796
B,-19.612,0.659,-2.246
B,-15.722,-2.118,-7.216
B,-11.812,-7.848,-3.674
B,-14.806,-10.528,-8.817
B,-13.831,-12.950,-10.931
B,-13.860,-13.228,-10.764
B,-12.795,-11.637,-8.752
B,-13.018,-12.612,-9.411
B,-12.370,-11.793,-9.403
B,-9.309,-6.892,-2.369
B,-7.958,-5.765,0.689
B,-6.749,-0.903,-1.531
B,-8.866,-0.171,-5.286
B,-16.650,1.194,-1.404
B,-19.858,1.862,-3.708
B,-18.685,2.000,-3.583
B,-20.137,2.988,-5.651
B,-20.366,4.161,-7.104
B,-17.640,0.280,-8.983
B,-10.555,-0.687,-4.639
B,-10.378,-7.270,-2.740
B,-10.655,-6.000,-6.007
B,-10.985,-5.627,-3.133
B,-10.482,-4.262,0.124
B,-9.363,0.949,3.634
B,-10.335,0.583,5.114
B,-10.204,-0.336,2.148
B,-9.807,-5.705,1.547
B,-11.966,-6.011,-0.083
B,-11.908,-3.632,0.660
B,-12.336,-3.407,-2.646
B,-12.217,-4.100,-5.053
B,-13.302,-4.808,-5.658
B,-14.498,-5.639,-6.698
B,-15.238,-4.062,-7.326
B,-15.902,-1.048,-7.346
B,-15.243,2.958,-6.297
B,-15.522,5.190,-5.870
B,-14.981,7.713,-4.849
B,-13.850,8.871,-3.138
B,-13.565,7.630,-3.165
B,-11.837,4.737,-3.726
B,-8.394,5.054,1.020
B,-10.064,3.543,4.905
B,-11.756,2.298,6.654
B,-13.337,2.198,4.163
B,-14.286,-0.880,0.557
B,-13.976,0.051,2.855
B,-15.555,0.585,2.713
B,-12.829,0.833,5.666
B,-13.607,-3.656,0.003
B,-12.897,-2.110,-2.089
B,-12.739,-1.971,0.319
B,-10.407,-1.712,0.029
B,-13.389,-2.509,3.650
B,-16.034,-2.952,2.498
B,-15.206,-3.025,-0.513
B,-16.654,-1.532,-0.965
B,-16.453,0.475,4.664
B,-15.866,0.235,3.565
B,-16.514,-3.374,-2.663
B,-16.247,-0.239,-0.621
B,-15.208,0.218,-0.007
B,-14.395,-2.617,2.645
B,-15.252,-3.567,1.771
B,-14.374,-4.067,-2.930
B,-14.940,0.374,0.408
B,-14.665,0.389,0.748
B,-13.532,-1.586,-3.448
B,-14.482,-1.123,1.080
B,-14.341,-0.047,-1.767
B,-11.888,0.135,-2.677
B,-12.257,0.751,-0.953
B,-13.587,0.697,0.797
B,-13.287,-3.954,-2.739
B,-11.288,-0.727,-2.399
B,-14.963,-0.862,5.221
B,-15.435,2.094,0.321
B,-15.012,-1.978,0.770
B,-15.985,-3.238,0.632
B,-14.115,-1.938,2.326
B,-14.052,-0.115,0.786
B,-16.543,-0.551,-3.834
B,-17.574,-0.612,-7.823
B,-19.368,0.016,-6.652
B,-17.295,-0.209,-5.525
B,-8.893,-2.895,-0.824
B,-10.807,-8.321,-0.658
B,-11.067,-7.523,0.845
B,-11.411,-7.740,4.442
B,-10.074,-8.320,0.287
B,-10.403,-10.022,-4.285
B,-11.358,-10.494,-8.585
B,-11.874,-9.981,-9.773
B,-11.295,-9.709,-11.385
B,-8.106,-4.101,-2.714
B,-8.371,-0.218,-0.780
B,-12.500,-0.261,2.499
B,-14.139,-4.216,-1.271
B,-13.652,-0.465,-4.307
B,-12.927,1.920,3.074
B,-13.423,0.390,2.310
B,-18.250,-3.880,-2.038
B,-14.671,-2.842,-6.545
B,-6.088,-5.240,-18.895
B,-6.272,-7.893,-23.306
B,-7.798,-11.584,-23.453
B,-9.257,-11.762,-23.509
B,-9.981,-12.509,-23.789
B,-10.522,-14.513,-19.638
B,-10.965,-13.978,-15.912
B,-13.506,-15.554,-12.892
B,-14.896,-15.055,-12.170
B,-15.695,-12.677,-10.191
B,-16.447,-9.597,-8.807
B,-16.300,-5.254,-7.343
B,-17.326,-2.385,-8.164
B,-16.934,0.192,-6.721
B,-16.864,-0.014,-6.916
B,-12.299,2.112,-2.954
B,-14.904,-1.161,-1.906
B,-14.921,-5.230,-5.531
B,-14.375,-5.157,-5.798
B,-15.500,-8.515,-10.990
B,-13.873,-6.632,-7.877
B,-15.205,-8.240,-10.720
B,-14.283,-7.690,-8.212
B,-10.443,-2.800,-2.306
B,-13.499,-7.219,-4.132
B,-13.780,-9.476,-5.566
B,-12.356,-8.648,-9.070
B,-11.839,-4.370,-7.690
B,-11.135,-2.275,-4.593
B,-10.524,-1.076,-6.312
B,-11.110,-5.364,-6.592
B,-9.504,-8.362,-9.708
B,-12.898,-6.818,-5.777
B,-14.485,-5.147,-5.600
B,-14.769,-2.573,-3.742
B,-13.407,-4.582,-2.527
B,-12.304,-4.552,-0.789
B,-12.219,-4.921,-0.924
B,-11.222,-6.281,1.604
B,-11.248,-8.109,-3.668
B,-12.503,-9.915,-8.582
B,-13.531,-13.509,-13.888
B,-13.322,-14.083,-16.807
B,-12.850,-13.949,-17.099
B,-11.941,-14.769,-19.657
B,-10.841,-13.724,-20.824
B,-10.174,-13.330,-19.353
B,-9.948,-12.194,-20.837
B,-9.192,-11.728,-23.284
B,-8.475,-10.265,-22.046
B,-8.702,-8.720,-20.850
B,-9.283,-8.430,-17.030
B,-10.372,-8.123,-13.350
B,-11.524,-6.912,-10.468
B,-10.096,-8.305,-4.246
B,-10.648,1.096,1.285
B,-15.095,4.460,-1.989
B,-17.296,-2.752,-7.697
B,-16.168,0.667,-11.559
B,-12.335,-0.523,-7.242
B,-9.674,-7.705,-7.525
B,-10.779,0.082,-3.378
B,-15.353,-2.095,-2.561
B,-15.805,-2.022,-0.442
B,-13.088,-6.419,-1.475
B,-13.202,-4.351,-0.614
B,-12.094,-2.485,-0.594
B,-11.118,-10.487,-11.036
B,-12.859,-4.437,-4.173
B,-12.922,-5.390,0.157
B,-13.430,-1.916,1.193
B,-13.692,-1.550,2.802
B,-15.104,-2.059,-0.237
B,-14.325,-2.800,2.081
B,-12.171,-0.909,2.309
B,-12.264,-2.851,-0.035
B,-14.226,-1.675,5.192
B,-15.042,-3.009,-0.090
B,-13.523,-3.411,-2.322
B,-11.851,-2.707,0.833
B,-13.627,-2.682,0.095
B,-15.411,-3.551,3.924
B,-13.902,-3.272,-2.700
B,-13.454,-3.802,-1.536
B,-12.812,-2.268,-1.781
B,-13.991,-1.346,-1.258
B,-13.717,-1.712,-2.629
B,-14.567,0.431,0.295
B,-12.574,-0.159,-0.624
B,-14.308,-2.312,1.088
B,-14.300,-5.088,-3.617
B,-13.671,-5.314,-5.713
B,-13.294,-3.003,-0.547
B,-12.992,-3.261,-3.016
B,-12.734,-2.516,-3.154
B,-14.469,-7.701,-2.980
B,-14.715,-7.032,-0.625
B,-14.362,-7.603,-2.014
B,-14.200,-7.495,-3.133
B,-14.091,-7.332,-2.238
B,-15.913,-7.400,-0.934
B,-14.453,-4.510,1.356
B,-15.019,-5.081,0.011
B,-15.722,-4.131,0.667
B,-16.956,-3.426,-0.882
B,-16.579,-2.534,-1.380
B,-14.593,-0.159,2.548
B,-15.794,-0.038,4.228
B,-16.011,-1.516,-0.688
B,-14.858,-0.536,2.363
B,-14.925,1.716,6.468
B,-14.380,1.206,2.816
B,-13.936,-0.633,3.082
B,-15.786,-1.158,0.884
B,-14.893,-0.361,2.961
B,-14.492,1.986,1.352
B,-14.893,1.756,-0.503
B,-16.214,0.406,5.494
B,-14.755,3.044,2.591
B,-16.140,2.253,3.403
B,-14.880,-1.690,-3.706
B,-10.897,-8.114,-8.818
B,-3.306,-13.855,-15.799
B,-7.057,-17.344,-21.305
B,-3.984,-15.469,-22.397
B,-4.671,-16.311,-22.347
B,-2.838,-15.327,-21.704
B,-3.494,-15.745,-20.062
B,-2.949,-17.236,-17.606
B,-3.028,-20.125,-16.645
B,-5.149,-21.624,-17.089
B,-4.944,-22.012,-15.614
B,-6.483,-21.617,-12.319
B,-8.148,-19.367,-8.603
B,-11.668,-15.965,-7.207
B,-11.207,-12.041,0.954
B,-9.602,-10.473,6.074
B,-11.388,1.534,-1.160
B,-14.382,3.120,1.268
B,-13.261,1.497,-0.052
B,-16.059,-0.492,1.782
B,-20.033,1.344,-8.708
B,-18.862,2.627,-10.567
B,-19.995,-0.186,-8.172
B,-19.455,-0.314,-5.318
B,-11.695,-0.807,-4.935
B,-5.392,-10.080,-9.240
B,-4.749,-17.643,-10.665
B,-6.464,-19.652,-14.741
B,-5.715,-19.595,-13.530
B,-5.001,-20.753,-15.024
B,-3.901,-21.547,-14.931
B,-3.220,-21.648,-13.764
B,-3.678,-22.164,-9.867
B,-4.681,-21.306,-8.547
B,-5.695,-21.566,-6.873
B,-7.500,-19.682,-4.863
B,-10.439,-16.789,-3.221
B,-10.430,-14.990,-1.109
B,-7.189,-12.083,3.026
B,-11.762,-0.474,4.715
B,-15.722,-0.142,6.928
B,-17.263,-3.594,6.858
B,-17.144,-9.114,5.068
B,-15.995,-12.060,6.263
B,-17.159,-10.971,0.404
B,-5.471,-7.541,-5.395
B,-7.783,-13.547,-10.254
B,-10.063,-14.298,-15.415
B,-10.698,-13.448,-19.709
B,-9.287,-10.953,-23.529
B,-8.453,-10.272,-21.748
B,-7.590,-8.266,-20.118
B,-5.521,-5.632,-16.637
B,-10.066,-1.550,-8.832
B,-16.733,1.542,-4.823
B,-18.694,-0.451,-4.372
B,-17.090,-2.534,-5.786
B,-17.191,0.645,-3.483
B,-18.286,-3.011,-3.734
B,-19.846,-1.565,-4.178
B,-18.313,-1.641,-7.283
B,-20.645,-0.428,-5.677
B,-17.127,0.658,-8.455
B,-8.524,-2.618,-17.387
B,-8.430,-5.690,-17.865
B,-8.712,-6.215,-20.388
B,-8.517,-7.084,-21.204
B,-8.213,-11.167,-23.849
B,-7.827,-13.754,-22.996
B,-7.154,-14.709,-22.158
B,-5.834,-15.527,-19.346
B,-5.951,-18.565,-17.529
B,-5.779,-19.105,-13.620
B,-6.151,-19.010,-11.968
B,-6.524,-20.814,-9.336
B,-6.789,-19.383,-7.998
B,-7.806,-18.240,-5.503
B,-8.830,-16.155,-4.681
B,-10.602,-14.242,-3.444
B,-11.620,-11.219,-1.522
B,-8.386,-10.343,0.998
B,-9.963,0.122,-1.978
B,-18.187,4.964,-1.277
B,-24.170,3.800,-1.358
B,-23.688,4.355,-6.328
B,-24.092,8.233,-6.127
B,-25.419,9.214,-7.249
B,-25.065,9.042,-9.056
B,-23.952,7.395,-3.885
B,-21.558,9.835,-2.784
B,-16.397,3.783,-5.927
B,-13.157,-4.019,-5.664
B,-13.836,-4.721,-7.866
B,-13.458,-4.511,-6.589
B,-14.234,-5.215,-7.937
B,-12.504,-3.858,-5.778
B,-11.708,-3.672,-4.255
B,-10.861,-6.090,-4.554
B,-10.806,-5.269,-2.358
B,-10.943,-3.313,-3.549
B,-14.956,1.318,-4.211
B,-15.575,3.386,-1.674
B,-17.909,4.873,-3.719
B,-20.526,-0.995,-5.920
B,-19.538,4.450,-1.682
B,-16.620,4.610,-4.840
B,-17.571,3.925,-6.338
B,-18.050,5.624,-1.827
B,-18.185,1.019,-5.218
B,-18.187,2.589,-3.552
B,-17.069,4.414,-6.080
B,-17.247,2.793,-6.589
B,-19.284,1.402,-7.172
B,-18.246,-0.783,-6.046
B,-14.285,2.223,-6.639
B,-17.460,3.604,-7.458
B,-16.054,2.241,-0.090
B,-14.505,-0.116,0.516
B,-12.799,2.085,0.479
B,-13.324,-0.383,1.903
B,-14.672,-0.623,1.071
B,-13.900,0.381,-2.408
B,-14.625,1.775,-4.491
B,-13.169,1.167,-2.429
B,-15.402,1.360,0.468
B,-15.171,1.482,-1.751
B,-14.191,3.275,0.318
B,-14.125,-0.158,-1.639
B,-13.803,0.567,-1.236
B,-14.275,-0.910,-1.916
B,-14.408,-2.399,-2.265
B,-14.082,-0.477,-0.504
B,-14.125,1.775,2.711
B,-13.959,-1.253,-0.880
B,-20.791,-3.177,1.115
B,-19.672,-3.571,-1.857
B,-17.690,-2.404,-0.474
B,-18.793,0.999,-0.183
B,-19.069,-0.638,0.885
B,-19.057,-3.864,-0.206
B,-19.581,-0.272,-0.488
B,-17.985,-0.919,1.692
B,-16.766,-0.206,1.530
B,-16.370,0.546,4.219
B,-18.716,-1.284,1.679
B,-19.761,-1.426,-0.405
B,-18.599,-0.373,0.884
B,-16.933,0.796,6.112
B,-17.023,0.754,1.230
B,-17.298,0.226,3.798
B,-17.116,2.159,-1.634
B,-19.012,0.969,-3.545
B,-16.829,1.019,0.219
B,-17.096,3.259,1.301
B,-10.405,6.387,-0.773
B,-11.670,3.467,-3.985
B,-14.116,3.093,-2.769
B,-13.288,2.367,-0.253
B,-13.359,0.849,2.495
B,-11.521,-0.997,4.086
B,-12.617,-1.647,2.290
B,-12.889,-0.665,1.286
B,-12.666,0.235,2.282
B,-11.415,-3.225,3.289
B,-11.758,-5.034,0.847
B,-12.486,-5.472,-2.800
B,-14.067,-6.920,-6.323
B,-12.556,-6.054,-4.127
B,-12.553,-2.792,-0.894
B,-12.111,-1.704,0.339
B,-12.204,-2.450,0.149
B,-12.179,-3.136,-0.196
B,-11.568,-4.374,-0.377
B,-10.589,-5.658,-2.024
B,-11.147,-13.838,-10.512
B,-13.406,-16.122,-10.334
B,-14.335,-17.045,-10.040
B,-15.497,-17.186,-10.014
B,-15.982,-16.634,-8.938
B,-16.576,-16.512,-8.902
B,-17.081,-16.780,-9.919
B,-17.093,-16.303,-9.645
B,-15.742,-13.843,-7.092
B,-16.332,-13.980,-8.386
B,-16.624,-14.370,-9.818
B,-15.108,-12.939,-9.435
B,-12.908,-8.348,-6.900
B,-12.140,-1.674,-4.562
B,-14.285,-5.085,-4.016
B,-14.338,-10.488,-6.905
B,-15.786,-13.856,-10.870
B,-12.464,-13.088,-9.391
B,-10.964,-15.798,-11.906
B,-8.508,-13.340,-8.817
B,-10.260,-11.713,-6.286
B,-10.909,-8.075,-5.410
B,-10.085,-5.814,-3.090
B,-8.158,-2.407,-2.918
B,-8.989,0.036,2.917
B,-9.886,-0.351,-3.404
B,-8.841,2.633,-0.038
B,-9.469,4.486,1.021
B,-10.570,2.062,-1.595
B,-10.567,1.623,2.205
B,-11.191,-0.742,2.078
B,-10.382,1.155,1.719
B,-11.010,-1.981,1.448
B,-10.316,-5.096,-7.050
B,-14.626,-5.049,-6.293
B,-16.536,-3.407,-9.002
B,-15.961,-0.553,-7.261
B,-16.546,-0.300,-7.713
B,-15.983,0.737,-6.717
B,-16.751,0.353,-8.180
B,-15.850,1.163,-6.932
B,-16.191,0.680,-5.997
B,-15.560,1.056,-4.785
B,-15.327,2.087,-1.422
B,-17.397,1.722,-0.906
B,-20.782,5.761,-5.868
B,-20.356,9.575,-4.502
B,-16.478,1.649,-1.616
B,-14.997,-4.475,-3.615
B,-14.925,-6.351,-4.518
B,-15.005,-5.883,-4.119
B,-14.329,-4.357,-0.817
B,-14.737,0.349,-0.264
B,-12.764,-1.559,0.965
B,-15.990,-1.957,0.306
B,-15.959,-1.792,3.000
B,-15.870,1.663,-0.919
B,-19.424,2.132,-8.647
B,-19.649,3.826,-8.042
B,-17.088,0.359,-9.153
B,-16.378,-2.413,-2.242
B,-11.374,-3.101,-4.924
B,-7.326,-12.799,-9.128
B,-8.607,-17.382,-7.188
B,-12.476,-20.159,-9.441
B,-13.518,-19.820,-10.090
B,-14.779,-19.995,-11.448
B,-14.055,-17.787,-10.631
B,-14.720,-19.129,-13.762
B,-14.949,-19.441,-15.527
B,-14.255,-18.570,-16.803
B,-12.727,-16.871,-15.495
B,-12.489,-16.803,-16.507
B,-10.895,-13.553,-16.867
B,-10.527,-10.122,-15.387
B,-10.186,-9.210,-14.888
B,-10.288,-8.744,-13.086
B,-13.156,-13.390,-15.190
B,-13.285,-12.044,-13.258
B,-14.020,-11.683,-12.946
B,-13.485,-10.799,-11.123
B,-12.427,-9.992,-11.219
B,-11.531,-10.828,-10.132
B,-9.964,-9.743,-6.391
B,-11.833,1.167,0.557
B,-10.918,-0.221,1.111
B,-8.593,1.643,-1.543
B,-11.360,-0.200,-0.775
B,-13.132,-1.751,2.711
B,-15.833,2.221,-1.112
B,-16.401,-2.419,-7.849
B,-16.374,-1.326,-1.084
B,-17.578,2.366,-0.250
B,-15.665,0.204,-1.412
B,-16.303,0.523,-2.489
B,-19.289,-3.984,-4.931
B,-18.655,-2.637,1.753
B,-15.330,0.506,2.035
B,-14.667,0.042,1.507
B,-14.813,-1.487,1.376
B,-15.328,0.933,3.416
B,-15.854,-2.906,3.048
B,-14.687,-3.012,1.885
B,-15.963,-2.716,7.614
B,-13.792,-3.999,2.321
B,-14.859,-3.949,1.248
B,-17.439,-7.885,1.729
B,-16.519,-2.510,4.147
B,-16.150,-4.586,2.670
B,-14.990,-6.499,3.415
B,-17.646,-6.370,7.728
B,-16.886,-0.795,5.240
B,-16.077,-1.033,4.531
B,-16.749,-1.679,3.814
B,-16.131,-0.892,4.555
B,-16.612,-0.019,4.237
B,-16.508,-2.415,1.206
B,-16.929,0.598,2.486
B,-14.466,0.652,1.410
B,-5.755,-7.097,-12.149
B,-9.247,-10.467,-12.292
B,-11.078,-10.347,-10.942
B,-12.044,-9.339,-10.396
B,-13.144,-8.125,-10.677
B,-10.924,-6.641,-3.144
B,-14.064,-7.211,-6.925
B,-14.299,-8.563,-7.664
B,-13.890,-10.404,-7.787
B,-11.673,-6.576,-3.019
B,-12.594,-4.308,-2.742
B,-11.069,-2.986,-0.476
B,-11.499,-4.350,-1.532
B,-10.458,-3.872,-0.335
B,-9.653,-11.835,-7.135
B,-11.401,-15.807,-14.021
B,-13.615,-17.181,-14.040
B,-14.289,-17.026,-11.782
B,-13.936,-15.688,-9.578
B,-14.608,-16.050,-10.037
B,-14.752,-14.847,-9.235
B,-15.031,-14.945,-9.945
B,-14.855,-13.777,-9.704
B,-14.165,-12.480,-10.790
B,-11.282,-9.894,-5.972
B,-12.740,-8.393,-7.765
B,-12.535,-10.343,-8.822
B,-13.998,-12.454,-11.526
B,-13.020,-12.191,-11.339
B,-11.603,-13.862,-11.902
B,-10.297,-13.273,-11.257
B,-11.265,-12.122,-8.158
B,-11.878,-7.630,-1.848
B,-11.512,-4.850,1.003
B,-17.717,0.659,1.376
B,-21.863,0.041,-4.849
B,-21.347,-2.149,-9.756
B,-19.246,1.294,-5.260
B,-19.660,1.808,2.269
B,-21.366,1.116,-0.606
B,-21.079,-0.026,-8.069
B,-22.984,-1.656,-8.836
B,-18.972,1.598,-4.759
B,-18.145,-1.478,-8.640
B,-14.908,1.708,-3.650
B,-6.543,-11.248,-11.826
B,-11.072,-13.739,-16.268
B,-13.392,-15.065,-19.435
B,-13.551,-16.838,-21.572
B,-11.906,-15.914,-20.740
B,-11.249,-14.242,-21.433
B,-12.462,-14.844,-22.801
B,-12.636,-15.715,-23.548
B,-11.881,-13.420,-24.117
B,-11.101,-9.847,-24.661
B,-11.412,-8.690,-22.024
B,-11.808,-7.861,-19.015
B,-13.271,-9.186,-16.619
B,-12.808,-10.270,-15.307
B,-10.963,-9.098,-11.668
B,-7.644,-7.734,-5.821
B,-9.301,-4.333,-3.206
B,-14.366,-0.114,0.719
B,-14.486,-0.932,1.057
B,-14.347,2.179,0.287
B,-16.977,-3.055,-7.477
B,-18.094,-1.474,-8.063
B,-19.599,1.252,-3.276
B,-17.706,-1.288,-4.679
B,-9.479,-0.010,-3.595
B,-8.315,-5.432,-7.087
B,-11.551,-9.406,-6.566
B,-13.091,-12.981,-6.672
B,-13.042,-15.299,-6.577
B,-11.918,-16.367,-5.335
B,-11.361,-18.260,-5.180
B,-10.104,-18.552,-5.262
B,-9.444,-19.197,-6.764
B,-8.376,-18.534,-7.765
B,-8.053,-16.718,-6.703
B,-9.382,-15.103,-5.369
B,-11.302,-13.402,-4.191
B,-13.149,-10.308,-3.807
B,-15.094,-7.778,-5.084
B,-15.952,-4.254,-5.050
B,-16.187,-2.056,-5.272
B,-15.923,0.093,-4.019
B,-16.266,0.206,-5.003
B,-15.567,0.922,-4.575
B,-15.648,-0.873,-4.180
B,-13.724,-1.446,-1.983
B,-12.621,-2.250,-4.350
B,-11.239,-1.963,-3.514
B,-14.572,-1.511,-1.633
B,-17.669,-4.956,-3.758
B,-17.104,-5.419,1.250
B,-12.323,-8.631,-7.237
B,-15.586,-3.228,-3.758
B,-14.841,-1.954,2.420
B,-15.685,-5.579,1.108
B,-13.402,-11.284,-7.254
B,-13.650,-6.763,-6.838
B,-14.669,0.899,0.868
B,-13.203,-1.428,0.298
B,-13.872,-2.054,0.371
B,-9.981,-11.917,-10.874
B,-9.406,-16.954,-11.573
B,-9.422,-15.630,-15.449
B,-10.609,-15.860,-13.990
B,-10.739,-12.626,-13.095
B,-9.013,-12.256,-10.256
B,-9.319,-11.127,-4.982
B,-9.162,-6.492,-1.002
B,-9.016,-4.101,-3.994
B,-7.259,-0.595,-2.420
B,-9.578,1.644,-5.694
B,-16.559,-2.833,-5.004
B,-19.671,-2.506,-6.345
B,-18.547,0.582,-2.563
B,-19.520,-0.851,-0.157
B,-19.085,0.393,1.979
B,-20.691,-0.468,-3.711
B,-20.383,-1.068,-8.088
B,-18.924,-3.242,-8.004
B,-13.076,-3.205,-4.723
B,-11.656,-8.777,-6.659
B,-12.350,-11.967,-9.465
B,-10.309,-15.142,-8.657
B,-6.957,-18.710,-8.292
B,-7.115,-20.614,-9.499
B,-6.960,-19.867,-7.567
B,-8.499,-17.658,-6.768
B,-9.511,-16.223,-4.677
B,-8.545,-15.318,-2.719
B,-8.545,-12.617,2.786
B,-10.482,-1.817,2.100
B,-11.174,0.274,-1.745
B,-7.639,-0.610,-1.763
B,-8.693,-3.399,-3.799
B,-8.915,-4.747,-5.281
B,-10.160,-3.666,-4.641
B,-11.625,-3.441,-5.605
B,-11.927,-2.025,-5.143
B,-12.335,-3.364,-4.188
B,-11.368,-2.515,-4.321
B,-11.245,-4.562,-3.850
B,-10.958,-1.423,0.224
B,-12.220,-2.780,-2.666
B,-14.141,-2.577,-3.957
B,-14.466,-1.590,-3.995
B,-16.459,-1.554,-7.906
B,-16.800,-2.251,-8.909
B,-14.221,-1.846,-9.418
B,-13.987,-1.738,-7.166
B,-11.905,-5.865,-5.283
B,-11.633,-2.159,-0.890
B,-12.567,-1.146,2.428
B,-11.663,0.110,-0.006
B,-9.229,-1.474,0.274
B,-9.396,1.861,1.412
B,-13.178,2.578,5.481
B,-20.531,-5.226,2.814
B,-17.889,-2.251,1.771
B,-8.986,-0.675,-3.292
B,-13.488,0.191,0.387
B,-6.514,-6.320,-15.744
B,-6.472,-9.404,-21.266
B,-9.645,-8.800,-24.079
B,-8.698,-8.834,-27.062
B,-7.901,-8.608,-26.369
B,-6.992,-8.202,-27.114
B,-7.345,-8.013,-25.857
B,-7.608,-8.684,-22.599
B,-7.659,-7.441,-19.697
B,-7.731,-5.006,-17.174
B,-7.573,-5.180,-10.947
B,-8.932,-0.406,-3.758
B,-16.564,-2.717,0.381
B,-18.511,-0.776,-0.971
B,-18.933,-1.904,0.959
B,-17.942,0.974,-2.381
B,-18.956,0.385,2.407
B,-17.284,-3.280,-2.869
B,-17.093,-5.747,-3.800
B,-9.596,-0.913,-6.717
B,-9.497,-6.590,-4.365
B,-10.894,-3.932,-5.959
B,-10.781,-4.164,-4.255
B,-9.695,-5.457,-5.513
B,-10.503,-6.082,-3.469
B,-9.306,-4.444,-3.313
B,-8.193,-3.203,-4.262
B,-10.195,1.089,-1.903
B,-12.497,-0.409,-0.185
B,-17.595,-2.422,-1.727
B,-19.808,-2.448,-7.782
B,-19.104,-1.130,-1.347
B,-18.646,0.420,-0.354
B,-18.007,3.757,2.508
B,-17.637,0.267,-0.864
B,-18.406,1.592,-2.195
B,-17.149,0.809,-1.411
B,-16.862,1.228,-5.390
B,-18.316,1.065,5.294
B,-17.778,2.315,0.971
B,-16.503,1.071,1.146
B,-17.824,0.092,-3.357
B,-16.954,-0.920,-2.626
B,-15.894,0.887,-0.939
B,-14.780,-2.025,0.469
B,-16.010,1.613,2.835
B,-15.230,-0.310,-1.326
B,-16.263,-0.893,-1.569
B,-17.143,-0.119,1.848
B,-16.782,2.293,5.859
B,-15.344,1.063,4.878
B,-15.253,1.363,3.116
B,-17.415,-3.073,-0.159
B,-17.681,-0.428,-0.477
B,-15.438,1.381,3.054
B,-18.077,-3.365,3.018
B,-17.007,-0.902,4.694
B,-17.524,-2.747,1.978
B,-17.106,-5.026,1.714
B,-17.401,-1.802,-2.070
B,-16.050,-1.154,2.508
